[
    {
        "Name": "dynamic_batch_size",
        "Title": "Dynamic Batch Size Adjustment: Optimizing Memory Usage During Training",
        "Experiment": "Implement a dynamic batch size adjustment mechanism that monitors GPU memory usage during training. Start with a base batch size and increase it until memory limits are reached. This could improve training efficiency and utilize available resources more effectively.",
        "Interestingness": 7,
        "Feasibility": 5,
        "Novelty": 6,
        "ISNOVEL": false,
        "Reference": [
            "Hongfei Xu, Josef van Genabith, Deyi Xiong, Qiuhui Liu. (2020). Dynamically Adjusting Transformer Batch Size by Monitoring Gradient Direction Change. http://arxiv.org/abs/2005.02008v1",
            "Qing Ye, Yuhao Zhou, Mingjia Shi, Yanan Sun, Jiancheng Lv. (2020). DBS: Dynamic Batch Size For Distributed Deep Neural Network Training. http://arxiv.org/abs/2007.11831v2"
        ]
    },
    {
        "Name": "mixed_precision_training",
        "Title": "Mixed Precision Training: Enhancing Performance and Reducing Memory Footprint",
        "Experiment": "Integrate mixed precision training using PyTorch's `torch.cuda.amp` module. This can reduce memory usage and increase training speed while maintaining model accuracy. Modify the training loop to utilize `autocast` for forward passes and `GradScaler` for scaling the loss during backpropagation.",
        "Interestingness": 8,
        "Feasibility": 7,
        "Novelty": 5,
        "ISNOVEL": false,
        "Reference": [
            "Tao Yu, Wentao Guo, Jianan Canal Li, Tiancheng Yuan, Christopher De Sa. (2022). MCTensor: A High-Precision Deep Learning Library with Multi-Component Floating-Point. http://arxiv.org/abs/2207.08867v2",
            "Hao Bai. (2022). Modern Distributed Data-Parallel Large-Scale Pre-training Strategies For NLP models. http://arxiv.org/abs/2206.06356v1",
            "Victor G. Turrisi da Costa, Enrico Fini, Moin Nabi, Nicu Sebe, Elisa Ricci. (2021). Solo-learn: A Library of Self-supervised Methods for Visual Representation Learning. http://arxiv.org/abs/2108.01775v4",
            "Rong Tian, Zijing Zhao, Weijie Liu, Haoyan Liu, Weiquan Mao, Zhe Zhao, Kan Zhou. (2022). SAMP: A Model Inference Toolkit of Post-Training Quantization for Text Processing via Self-Adaptive Mixed-Precision. http://arxiv.org/abs/2209.09130v2",
            "Myle Ott, Sergey Edunov, Alexei Baevski, Angela Fan, Sam Gross, Nathan Ng, David Grangier, Michael Auli. (2019). fairseq: A Fast, Extensible Toolkit for Sequence Modeling. http://arxiv.org/abs/1904.01038v1"
        ]
    },
    {
        "Name": "transfer_learning_experiment",
        "Title": "Exploring Transfer Learning: Enhancing PEGASUS with Larger Pre-trained Models",
        "Experiment": "Modify the model loading section to allow for initializing the Pegasus model with weights from a larger pre-trained model such as T5 or BART. Fine-tune this model on the CNN dataset and evaluate its performance using the ROUGE metric. Compare the results with the original model to analyze the impact of transfer learning on summarization quality and training efficiency.",
        "Interestingness": 8,
        "Feasibility": 6,
        "Novelty": 7,
        "ISNOVEL": false,
        "Reference": [
            "Rongxin Zhu, Jey Han Lau, Jianzhong Qi. (2024). Factual Dialogue Summarization via Learning from Large Language Models. http://arxiv.org/abs/2406.14709v1",
            "Nan Zhang, Yusen Zhang, Wu Guo, Prasenjit Mitra, Rui Zhang. (2023). FaMeSumm: Investigating and Improving Faithfulness of Medical Summarization. http://arxiv.org/abs/2311.02271v2",
            "Tohida Rehman, Suchandan Das, Debarshi Kumar Sanyal, Samiran Chattopadhyay. (2023). An Analysis of Abstractive Text Summarization Using Pre-trained Models. http://arxiv.org/abs/2303.12796v1"
        ]
    },
    {
        "Name": "adaptive_learning_rate",
        "Title": "Evaluating Adaptive Learning Rate Schedules for Improved Training Efficiency",
        "Experiment": "Integrate adaptive learning rate schedules such as OneCycle or cosine annealing into the training loop. Modify the optimizer configurations to utilize these schedules and compare the training dynamics, convergence rates, and final performance metrics (e.g., ROUGE scores) against a baseline fixed learning rate approach. Conduct ablation studies to analyze the effect of different schedules on training efficiency and model performance.",
        "Interestingness": 8,
        "Feasibility": 6,
        "Novelty": 7,
        "ISNOVEL": false,
        "Reference": [
            "Chen Liang, Haoming Jiang, Simiao Zuo, Pengcheng He, Xiaodong Liu, Jianfeng Gao, Weizhu Chen, Tuo Zhao. (2022). No Parameters Left Behind: Sensitivity Guided Adaptive Learning Rate for Training Large Transformer Models. http://arxiv.org/abs/2202.02664v2",
            "Felix Stollenwerk. (2022). Adaptive Fine-Tuning of Transformer-Based Language Models for Named Entity Recognition. http://arxiv.org/abs/2202.02617v1",
            "Zhen Xu, Andrew M. Dai, Jonas Kemp, Luke Metz. (2019). Learning an Adaptive Learning Rate Schedule. http://arxiv.org/abs/1909.09712v1"
        ]
    },
    {
        "Name": "text_data_augmentation",
        "Title": "Enhancing Summarization with Text Data Augmentation Techniques",
        "Experiment": "Integrate various text data augmentation techniques such as synonym replacement, random insertion, and back-translation into the data preprocessing pipeline. Modify the data loading functions to apply these augmentations during training. Evaluate the model's performance on the CNN dataset using the ROUGE metric, comparing results from augmented versus non-augmented datasets to analyze the impact of data diversity on summarization quality.",
        "Interestingness": 9,
        "Feasibility": 7,
        "Novelty": 8,
        "ISNOVEL": false,
        "Reference": [
            "Mengsay Loem, Sho Takase, Masahiro Kaneko, Naoaki Okazaki. (2022). ExtraPhrase: Efficient Data Augmentation for Abstractive Summarization. http://arxiv.org/abs/2201.05313v1",
            "Ahmed Magooda, Diane Litman. (2021). Mitigating Data Scarceness through Data Synthesis, Augmentation and Curriculum for Abstractive Summarization. http://arxiv.org/abs/2109.08569v1"
        ]
    },
    {
        "Name": "model_distillation_experiment",
        "Title": "Model Distillation: Enhancing Efficiency and Performance in Summarization",
        "Experiment": "Implement a model distillation framework where a smaller PEGASUS model is trained to mimic a larger pre-trained PEGASUS model. Add a distillation loss function to the training loop and adjust the model architecture to accommodate a smaller student model. Compare the performance of the student model against the teacher and original models on the CNN dataset using ROUGE scores. Analyze the trade-off between model size, inference speed, and summarization quality.",
        "Interestingness": 9,
        "Feasibility": 6,
        "Novelty": 8,
        "ISNOVEL": false,
        "Reference": [
            "Sam Shleifer, Alexander M. Rush. (2020). Pre-trained Summarization Distillation. http://arxiv.org/abs/2010.13002v2",
            "Rongxin Zhu, Jey Han Lau, Jianzhong Qi. (2024). Factual Dialogue Summarization via Learning from Large Language Models. http://arxiv.org/abs/2406.14709v1",
            "Varun Nair, Namit Katariya, Xavier Amatriain, Ilya Valmianski, Anitha Kannan. (2021). Adding more data does not always help: A study in medical conversation summarization with PEGASUS. http://arxiv.org/abs/2111.07564v2",
            "Jingqing Zhang, Yao Zhao, Mohammad Saleh, Peter J. Liu. (2019). PEGASUS: Pre-training with Extracted Gap-sentences for Abstractive Summarization. http://arxiv.org/abs/1912.08777v3"
        ]
    },
    {
        "Name": "curriculum_learning",
        "Title": "Curriculum Learning for Enhanced Summarization Performance",
        "Experiment": "Develop a curriculum learning framework that sorts training examples based on their complexity. Implement a scoring mechanism using ROUGE scores from a baseline model to classify examples into 'easy' and 'hard.' Modify the training loop to first train on easier examples, progressively introducing harder examples as performance improves. Evaluate the model's performance on the CNN dataset using ROUGE scores, comparing results from curriculum learning versus standard training to analyze the effectiveness of this approach.",
        "Interestingness": 9,
        "Feasibility": 6,
        "Novelty": 8,
        "ISNOVEL": false,
        "Reference": [
            "Sajad Sotudeh, Hanieh Deilamsalehy, Franck Dernoncourt, Nazli Goharian. (2023). Curriculum-Guided Abstractive Summarization. http://arxiv.org/abs/2302.01342v2",
            "Sajad Sotudeh, Nazli Goharian, Hanieh Deilamsalehy, Franck Dernoncourt. (2023). Curriculum-guided Abstractive Summarization for Mental Health Online Posts. http://arxiv.org/abs/2302.00954v1",
            "Ahmed Magooda, Diane Litman. (2021). Mitigating Data Scarceness through Data Synthesis, Augmentation and Curriculum for Abstractive Summarization. http://arxiv.org/abs/2109.08569v1"
        ]
    }
]