[
  {
    "Name": "dynamic_batch_size",
    "Title": "Dynamic Batch Size Adjustment: Optimizing Memory Usage During Training",
    "Experiment": "Implement a dynamic batch size adjustment mechanism that monitors GPU memory usage during training. Start with a base batch size and increase it until memory limits are reached. This could improve training efficiency and utilize available resources more effectively.",
    "Interestingness": 7,
    "Feasibility": 5,
    "Novelty": 6
  },
  {
    "Name": "mixed_precision_training",
    "Title": "Mixed Precision Training: Enhancing Performance and Reducing Memory Footprint",
    "Experiment": "Integrate mixed precision training using PyTorch's `torch.cuda.amp` module. This can reduce memory usage and increase training speed while maintaining model accuracy. Modify the training loop to utilize `autocast` for forward passes and `GradScaler` for scaling the loss during backpropagation.",
    "Interestingness": 8,
    "Feasibility": 7,
    "Novelty": 5
  }
]