[
    {
        "Name": "attention_visualization",
        "Title": "Enhancing Interpretability with Attention Score Visualization in Transformer Models",
        "Experiment": "Modify the TEncoder class to output attention scores. Implement a method to extract these scores during prediction. Visualize the scores to highlight influential time steps and features. Assess whether these insights align with domain knowledge.",
        "Interestingness": 7,
        "Feasibility": 8,
        "Novelty": 6,
        "ISNOVEL": false,
        "Reference": [
            "Kaushik Roy, Yuxin Zi, Vignesh Narayanan, Manas Gaur, Amit Sheth. (2022). KSAT: Knowledge-infused Self Attention Transformer -- Integrating Multiple Domain-Specific Contexts. http://arxiv.org/abs/2210.04307v2",
            "Ala Alam Falaki, Robin Gras. (2023). Attention Visualizer Package: Revealing Word Importance for Deeper Insight into Encoder-Only Transformer Models. http://arxiv.org/abs/2308.14850v1",
            "Razieh Rezaei, Masoud Jalili Sabet, Jindong Gu, Daniel Rueckert, Philip Torr, Ashkan Khakzar. (2024). Learning Visual Prompts for Guiding the Attention of Vision Transformers. http://arxiv.org/abs/2406.03303v1"
        ]
    },
    {
        "Name": "attention_feature_importance",
        "Title": "Combining Attention Score Visualization with Feature Importance Analysis in Transformer Models",
        "Experiment": "Modify the TEncoder class to output both attention scores and feature importance metrics. Implement methods to extract these metrics during prediction. Develop a visualization tool to display attention scores and feature importance side-by-side. Evaluate the alignment of these insights with domain knowledge and assess the impact on model efficiency and performance.",
        "Interestingness": 8,
        "Feasibility": 7,
        "Novelty": 7,
        "ISNOVEL": true,
        "Reference": "NAN"
    },
    {
        "Name": "attention_based_optimization",
        "Title": "Enhancing Transformer Model Efficiency through Attention-Based Optimization",
        "Experiment": "Modify the TEncoder class to enable attention-based pruning or re-weighting of model components. Develop methods to execute these strategies and evaluate their impact on model performance and efficiency. Compare results with baseline models and assess alignment with domain knowledge. Investigate trade-offs between efficiency gains and performance retention.",
        "Interestingness": 9,
        "Feasibility": 6,
        "Novelty": 8,
        "ISNOVEL": true,
        "Reference": "NAN"
    },
    {
        "Name": "contextual_attention",
        "Title": "Dynamic Contextual Attention in Transformer Models for Enhanced Adaptability",
        "Experiment": "Modify the TEncoder class to introduce a context-aware attention mechanism. Implement a method to accept contextual inputs during prediction that influence attention scores. Evaluate the model's performance across varied tasks or datasets to assess its adaptability improvements, comparing against baseline transformer setups.",
        "Interestingness": 9,
        "Feasibility": 7,
        "Novelty": 8,
        "ISNOVEL": true,
        "Reference": [
            "Da Xiao, Qingye Meng, Shengping Li, Xingyuan Yuan. (2024). Improving Transformers with Dynamically Composable Multi-Head Attention. http://arxiv.org/abs/2405.08553v2",
            "Liu Liu, Zheng Qu, Zhaodong Chen, Yufei Ding, Yuan Xie. (2021). Transformer Acceleration with Dynamic Sparse Attention. http://arxiv.org/abs/2110.11299v1",
            "Lujia Shen, Yuwen Pu, Shouling Ji, Changjiang Li, Xuhong Zhang, Chunpeng Ge, Ting Wang. (2023). Improving the Robustness of Transformer-based Large Language Models with Dynamic Attention. http://arxiv.org/abs/2311.17400v2"
        ]
    },
    {
        "Name": "attention_driven_augmentation",
        "Title": "Improving Model Robustness through Attention-Driven Data Augmentation in Transformer Models",
        "Experiment": "Modify the TEncoder class to output attention scores. Identify key features and time steps using these scores. Develop a method to generate synthetic data that emphasizes these elements while maintaining the original data distribution. Retrain the model with this augmented dataset and evaluate its performance on unseen data, comparing it against the baseline model.",
        "Interestingness": 9,
        "Feasibility": 7,
        "Novelty": 9,
        "ISNOVEL": true,
        "Reference": "NAN"
    }
]